City,Country,Latitude,Longitude,Max Temp,Humidity,Cloudiness,Wind Speed,Date
Norman Wells,CA,65.28,-126.83,57.2,93,75,3.36,07/16/20
Rikitea,PF,-23.12,-134.97,73.6,87,100,2.82,07/16/20
Mataura,NZ,-46.19,168.86,34.5,94,7,2.39,07/16/20
Umm Kaddadah,SD,13.6,26.69,84.27,50,99,13.49,07/16/20
Upernavik,GL,72.79,-56.15,42.8,86,95,1.36,07/16/20
Husavik,IS,66.04,-17.34,53.6,76,75,6.93,07/16/20
Camocim,BR,-2.9,-40.84,74.53,87,85,12.71,07/16/20
Lompoc,US,34.64,-120.46,57.2,87,6,3.36,07/16/20
Altamira,BR,-3.2,-52.21,69.85,97,5,2.62,07/16/20
Cetraro,IT,39.52,15.94,82.0,45,0,3.0,07/16/20
Mahébourg,MU,-20.41,57.7,75.2,64,40,11.41,07/16/20
Arnedo,ES,42.22,-2.1,64.4,67,20,12.75,07/16/20
San Quintín,MX,30.48,-115.95,65.52,88,13,11.65,07/16/20
Cape Town,ZA,-33.93,18.42,52.0,87,0,3.36,07/16/20
Jamestown,US,42.1,-79.24,71.01,68,1,10.29,07/16/20
Puerto Ayora,EC,-0.74,-90.35,66.0,92,13,4.81,07/16/20
Ribeira Grande,PT,38.52,-28.7,69.8,77,75,9.17,07/16/20
Kapaa,US,22.08,-159.32,78.8,78,90,14.99,07/16/20
North Bend,US,43.41,-124.22,59.0,100,75,13.87,07/16/20
Inuvik,CA,68.35,-133.72,55.4,71,75,9.17,07/16/20
Pevek,RU,69.7,170.31,48.11,91,100,1.72,07/16/20
Vaini,TO,-21.2,-175.2,75.2,83,75,6.93,07/16/20
Oktyabr'skoye,RU,43.06,44.74,80.6,54,20,6.71,07/16/20
Namatanai,PG,-3.67,152.43,81.01,79,17,6.58,07/16/20
Hambantota,LK,6.12,81.12,86.0,79,75,19.46,07/16/20
Tasiilaq,GL,65.61,-37.64,44.6,70,0,5.82,07/16/20
Atuona,PF,-9.8,-139.03,79.38,79,12,18.57,07/16/20
Rio Claro,BR,-22.41,-47.56,52.14,94,1,3.6,07/16/20
Ushuaia,AR,-54.8,-68.3,28.4,86,40,4.7,07/16/20
Alenquer,BR,-1.94,-54.74,75.2,94,19,4.7,07/16/20
Bandar-e Lengeh,IR,26.56,54.88,100.4,50,0,13.87,07/16/20
Hithadhoo,MV,-0.6,73.08,83.88,71,100,2.42,07/16/20
Millinocket,US,45.66,-68.71,48.2,93,1,2.42,07/16/20
Touros,BR,-5.2,-35.46,69.8,100,20,4.7,07/16/20
Bisira,PA,8.52,-81.71,58.42,100,76,6.4,07/16/20
Tiksi,RU,71.69,128.87,36.66,83,15,20.2,07/16/20
Methóni,GR,36.82,21.7,82.4,39,0,12.75,07/16/20
Kutina,HR,45.48,16.78,62.6,82,92,2.77,07/16/20
Shimokizukuri,JP,40.81,140.39,72.0,68,75,8.05,07/16/20
Busselton,AU,-33.65,115.33,59.0,85,97,1.01,07/16/20
General Roca,AR,-39.03,-67.58,39.2,86,100,3.36,07/16/20
Saldanha,ZA,-33.01,17.94,44.6,75,0,1.12,07/16/20
Avarua,CK,-21.21,-159.78,69.8,73,51,4.7,07/16/20
Apache Junction,US,33.42,-111.55,93.2,27,1,9.17,07/16/20
East London,ZA,-33.02,27.91,53.6,29,0,9.17,07/16/20
Jacmel,HT,18.23,-72.53,77.0,94,3,6.93,07/16/20
Maroantsetra,MG,-15.43,49.73,73.11,76,28,6.55,07/16/20
Arraial do Cabo,BR,-22.97,-42.03,66.24,73,97,3.13,07/16/20
Uvarovo,RU,51.98,42.26,67.73,56,0,13.31,07/16/20
Bluff,NZ,-46.6,168.33,42.76,82,43,13.85,07/16/20
Albany,US,42.6,-73.97,73.4,69,90,12.75,07/16/20
Onega,RU,63.91,38.14,55.22,61,100,9.46,07/16/20
Omboué,GA,-1.57,9.26,76.51,74,71,4.76,07/16/20
Dikson,RU,73.51,80.55,40.51,93,90,4.76,07/16/20
Dachnoye,RU,43.08,44.74,80.6,54,20,6.71,07/16/20
Sarangani,PH,5.4,125.46,83.5,80,31,18.84,07/16/20
Ratnapura,LK,6.68,80.4,83.19,72,100,5.77,07/16/20
Nouadhibou,MR,20.93,-17.03,69.8,88,75,6.93,07/16/20
New Norfolk,AU,-42.78,147.06,45.0,93,40,0.98,07/16/20
Krutikha,RU,53.96,81.21,79.57,48,0,8.23,07/16/20
Punta Arenas,CL,-53.15,-70.92,28.4,92,5,4.7,07/16/20
Ambon City,ID,-3.7,128.18,78.53,86,91,14.16,07/16/20
Gornopravdinsk,RU,60.05,69.9,92.86,41,29,7.74,07/16/20
Dovolnoye,RU,54.5,79.67,78.69,51,0,6.06,07/16/20
Tuktoyaktuk,CA,69.45,-133.04,43.47,74,100,11.21,07/16/20
Vila Franca do Campo,PT,37.72,-25.43,64.4,88,75,10.29,07/16/20
Vista Hermosa,MX,19.52,-99.22,64.4,68,5,5.82,07/16/20
Ocós,GT,14.51,-92.19,77.88,81,88,6.31,07/16/20
Port Lincoln,AU,-34.73,135.87,54.88,81,4,8.52,07/16/20
Yellowknife,CA,62.46,-114.35,54.0,81,20,4.7,07/16/20
Khatanga,RU,71.97,102.5,48.52,92,100,11.9,07/16/20
Guerrero Negro,MX,27.98,-114.06,66.43,85,0,12.39,07/16/20
Nome,US,64.5,-165.41,51.8,81,90,5.82,07/16/20
Fortuna,US,40.6,-124.16,54.0,87,90,0.36,07/16/20
Bandarbeyla,SO,9.49,50.81,91.58,40,38,33.8,07/16/20
Maţāy,EG,28.42,30.78,88.45,28,0,15.61,07/16/20
Saint George,US,37.1,-113.58,87.8,16,1,4.7,07/16/20
Inhambane,MZ,-23.86,35.38,69.8,49,40,9.17,07/16/20
Le Port,RE,-20.94,55.29,77.0,61,27,18.34,07/16/20
Northam,GB,51.03,-4.22,61.0,93,95,5.99,07/16/20
Talnakh,RU,69.49,88.4,53.6,71,75,15.66,07/16/20
San Cristobal,VE,7.77,-72.22,64.04,90,93,2.35,07/16/20
Vilcún,CL,-38.65,-72.23,41.0,100,90,3.36,07/16/20
Hilo,US,19.73,-155.09,77.0,78,90,3.94,07/16/20
Saint-Pierre,RE,-21.34,55.48,77.0,65,5,17.22,07/16/20
Bredasdorp,ZA,-34.53,20.04,46.4,87,0,1.12,07/16/20
Felanitx,ES,39.47,3.15,77.0,73,40,2.24,07/16/20
Alice Springs,AU,-23.7,133.88,66.2,24,0,10.29,07/16/20
Chokurdakh,RU,70.63,147.92,37.44,93,100,10.71,07/16/20
Areosa,PT,41.72,-8.86,78.8,41,29,9.17,07/16/20
Camacupa,AO,-12.02,17.48,59.7,30,0,9.48,07/16/20
Korla,CN,41.76,86.15,91.62,16,2,4.99,07/16/20
Kenai,US,60.55,-151.26,64.4,72,1,5.82,07/16/20
Vercelli,IT,45.32,8.42,71.01,77,20,3.36,07/16/20
Lakes Entrance,AU,-37.88,147.98,50.0,92,38,5.53,07/16/20
Innisfail,AU,-17.53,146.03,63.01,66,0,5.57,07/16/20
Olafsvik,IS,64.89,-23.71,50.97,92,100,12.5,07/16/20
Acaraú,BR,-2.89,-40.12,75.24,83,59,13.33,07/16/20
Vigrestad,NO,58.57,5.7,60.01,82,35,3.0,07/16/20
Ancud,CL,-41.87,-73.82,46.4,100,90,3.36,07/16/20
Verín,ES,41.94,-7.44,64.99,78,28,3.47,07/16/20
Kloulklubed,PW,7.04,134.26,86.0,66,75,9.17,07/16/20
Inírida,CO,3.87,-67.92,71.44,98,30,1.61,07/16/20
San Andrés,CO,12.58,-81.7,82.4,83,40,11.41,07/16/20
Port Blair,IN,11.67,92.75,83.53,79,100,10.92,07/16/20
Shenzhen,CN,22.55,114.07,93.0,75,20,20.13,07/16/20
Zeya,RU,53.75,127.27,91.31,38,0,2.21,07/16/20
Bambous Virieux,MU,-20.34,57.76,75.2,64,40,11.41,07/16/20
Barrow,US,71.29,-156.79,37.4,86,90,8.05,07/16/20
Slave Lake,CA,55.28,-114.77,59.0,82,75,3.36,07/16/20
Gainesville,US,29.65,-82.32,72.0,100,1,1.43,07/16/20
Nantucket,US,41.28,-70.1,60.8,87,1,9.17,07/16/20
Cumbum,IN,9.73,77.3,84.07,58,96,11.61,07/16/20
Longyearbyen,SJ,78.22,15.64,42.8,87,75,3.36,07/16/20
Issia,CI,6.49,-6.59,70.23,83,98,4.23,07/16/20
Gamba,GA,-2.65,10.0,75.15,76,35,3.62,07/16/20
Carnarvon,AU,-24.87,113.63,75.2,83,90,10.29,07/16/20
Fort Myers Beach,US,26.45,-81.95,75.99,94,1,7.58,07/16/20
Nador,MA,35.17,-2.93,75.2,83,90,9.17,07/16/20
Navsari,IN,20.95,72.93,88.36,66,55,5.1,07/16/20
Tegul'det,RU,57.31,88.17,72.84,59,82,9.53,07/16/20
Auxerre,FR,47.8,3.57,63.0,91,72,5.79,07/16/20
Mackay,AU,-21.15,149.2,64.51,58,0,8.93,07/16/20
George Town,MY,5.41,100.34,87.8,66,40,9.17,07/16/20
Griffith,US,41.53,-87.42,69.8,100,90,11.41,07/16/20
Tiznit Province,MA,29.58,-9.5,88.32,31,0,3.04,07/16/20
Ushtobe,KZ,45.25,77.98,97.65,14,0,4.83,07/16/20
Santa Helena de Goiás,BR,-17.81,-50.6,64.6,53,0,0.47,07/16/20
Atlantic City,US,39.36,-74.42,71.6,78,75,10.92,07/16/20
Iqaluit,CA,63.75,-68.51,44.6,75,20,2.24,07/16/20
Ojinaga,MX,29.57,-104.42,87.8,25,1,9.17,07/16/20
Butaritari,KI,3.07,172.79,83.5,64,100,6.64,07/16/20
Asău,RO,46.43,26.4,71.6,64,20,5.82,07/16/20
Sinnamary,GF,5.38,-52.95,75.33,91,14,6.78,07/16/20
Nanortalik,GL,60.14,-45.24,42.8,85,83,9.57,07/16/20
Falam,MM,22.92,93.68,74.52,85,100,0.87,07/16/20
Nambour,AU,-26.63,152.95,62.01,49,0,4.54,07/16/20
São José da Coroa Grande,BR,-8.9,-35.15,74.43,84,17,10.16,07/16/20
Richards Bay,ZA,-28.78,32.04,63.84,51,0,4.94,07/16/20
Arrondissement de Vierzon,FR,47.21,2.06,62.6,77,90,3.36,07/16/20
Vulcan,RO,45.38,23.27,66.96,67,4,2.39,07/16/20
Lata,PT,40.16,-8.33,87.01,34,0,5.86,07/16/20
Beisfjord,NO,68.38,17.6,59.0,82,75,6.93,07/16/20
College,US,64.86,-147.8,64.4,72,75,6.93,07/16/20
Saskylakh,RU,71.92,114.08,67.5,32,100,23.82,07/16/20
Rocha,UY,-34.48,-54.33,36.75,82,0,5.53,07/16/20
Mar del Plata,AR,-38.0,-57.56,46.0,80,100,3.36,07/16/20
Arlit,NE,18.74,7.39,94.06,23,0,16.98,07/16/20
Laguna,US,38.42,-121.42,66.0,68,1,5.82,07/16/20
Hatta,IN,24.12,79.6,93.15,50,72,6.89,07/16/20
Hofn,IS,64.25,-15.21,52.97,85,98,24.79,07/16/20
Cururupu,BR,-1.83,-44.87,74.23,94,34,3.53,07/16/20
Thompson,CA,55.74,-97.86,57.2,93,75,9.17,07/16/20
Poum,NC,-20.23,164.02,70.65,63,7,14.32,07/16/20
Urusha,RU,54.05,122.9,86.79,38,98,2.89,07/16/20
Almaznyy,RU,48.04,40.05,78.8,31,0,4.47,07/16/20
Saint-Philippe,RE,-21.36,55.77,77.0,65,0,17.22,07/16/20
Tam Ky,VN,15.57,108.48,93.2,52,20,8.05,07/16/20
Cidreira,BR,-30.18,-50.21,52.16,70,0,13.47,07/16/20
Turinskaya Sloboda,RU,57.62,64.39,90.14,47,23,9.91,07/16/20
Salalah,OM,17.02,54.09,84.2,83,90,3.36,07/16/20
Rawson,AR,-43.3,-65.1,44.19,82,100,6.2,07/16/20
Chase,CA,50.82,-119.69,64.0,91,60,2.84,07/16/20
Castro,BR,-24.79,-50.01,43.93,96,13,4.52,07/16/20
Berdigestyakh,RU,62.1,126.7,84.38,36,98,1.14,07/16/20
Hermanus,ZA,-34.42,19.23,48.99,76,0,3.0,07/16/20
Tromsø,NO,69.65,18.96,59.0,82,75,11.41,07/16/20
San Vicente,AR,-26.62,-54.13,56.84,92,73,2.06,07/16/20
Viranşehir,TR,37.24,39.76,101.75,10,0,7.31,07/16/20
Port Alfred,ZA,-33.59,26.89,61.12,31,0,4.79,07/16/20
Belmonte,BR,-15.86,-38.88,71.6,88,75,3.36,07/16/20
Berlevåg,NO,70.86,29.09,62.6,72,22,8.05,07/16/20
Cedar City,US,37.68,-113.06,73.4,20,1,3.36,07/16/20
Río Gallegos,AR,-51.62,-69.22,28.4,92,75,3.36,07/16/20
Flinders,AU,-34.58,150.86,59.0,62,81,3.0,07/16/20
San Rafael,AR,-34.62,-68.33,45.5,56,7,4.03,07/16/20
Souillac,MU,-20.52,57.52,75.2,64,40,11.41,07/16/20
Brae,GB,60.4,-1.35,53.6,93,90,9.17,07/16/20
Nambucca Heads,AU,-30.65,153.0,62.6,55,46,17.22,07/16/20
Pacific Grove,US,36.62,-121.92,57.99,87,90,6.93,07/16/20
Saryg-Sep,RU,51.5,95.6,73.89,27,4,8.23,07/16/20
La Santisima Trinidad,BO,-14.83,-64.9,70.27,83,0,2.35,07/16/20
Middleton,GB,53.55,-2.2,59.0,100,90,8.05,07/16/20
Saint Paul Harbor,US,57.79,-152.41,62.6,59,1,8.05,07/16/20
Buenaventura,CO,3.88,-77.03,75.49,92,82,1.54,07/16/20
Kokologo,BF,12.19,-1.89,73.4,100,100,2.24,07/16/20
Bilma,NE,18.69,12.92,93.31,28,19,6.02,07/16/20
Geraldton,AU,-28.77,114.6,68.0,82,75,14.99,07/16/20
Lebu,CL,-37.62,-73.65,48.96,87,0,10.29,07/16/20
Magdagachi,RU,53.45,125.8,91.17,32,21,3.67,07/16/20
Bend,US,44.06,-121.32,66.2,39,1,3.31,07/16/20
São Filipe,CV,14.9,-24.5,75.43,83,16,7.81,07/16/20
Bengkulu,ID,-3.8,102.27,85.35,67,22,7.02,07/16/20
Kitui,KE,-1.37,38.01,68.34,68,97,9.89,07/16/20
Port-Gentil,GA,-0.72,8.78,77.0,83,20,8.46,07/16/20
Sambava,MG,-14.27,50.17,77.07,62,0,14.0,07/16/20
Raja,SS,8.46,25.68,74.21,82,100,2.82,07/16/20
Caborca,MX,30.58,-111.1,86.52,40,100,6.35,07/16/20
Vao,NC,-22.67,167.48,69.76,71,0,18.37,07/16/20
Lavrentiya,RU,65.58,-171.0,47.17,89,52,3.53,07/16/20
Bethel,US,41.37,-73.41,66.99,88,90,5.82,07/16/20
Sibu,MY,2.3,111.82,87.8,66,40,4.7,07/16/20
Kutum,SD,14.2,24.67,78.69,53,100,10.58,07/16/20
Juruti,BR,-2.15,-56.09,74.17,83,0,3.91,07/16/20
Codrington,AU,-38.27,141.97,47.46,85,0,6.53,07/16/20
Kangaatsiaq,GL,68.31,-53.46,41.25,91,100,2.26,07/16/20
Qaanaaq,GL,77.48,-69.36,41.31,85,99,3.83,07/16/20
Øksfjord,NO,70.24,22.35,66.2,72,97,5.82,07/16/20
Puerto Asís,CO,0.51,-76.5,66.87,98,62,2.51,07/16/20
Padang,ID,-0.95,100.35,84.7,72,26,4.34,07/16/20
Pilar,BR,-9.6,-35.96,71.6,94,40,4.7,07/16/20
Arona,ES,28.1,-16.68,69.8,83,20,9.17,07/16/20
Airai,TL,-8.93,125.41,65.75,84,64,3.98,07/16/20
Juliaca,PE,-15.5,-70.13,32.7,73,93,4.29,07/16/20
Chauk,MM,20.88,94.82,96.98,43,100,10.51,07/16/20
Antofagasta,CL,-23.65,-70.4,53.6,87,90,6.93,07/16/20
Mitú,CO,1.2,-70.17,70.12,97,100,1.41,07/16/20
Hay River,CA,60.82,-115.8,50.0,100,20,4.59,07/16/20
Bariloche,AR,-41.15,-71.31,33.8,100,20,4.7,07/16/20
Quixadá,BR,-4.97,-39.02,67.55,89,1,2.04,07/16/20
Kathu,TH,7.92,98.33,89.6,66,20,8.05,07/16/20
Hobart,AU,-42.88,147.33,45.0,93,40,1.77,07/16/20
Nikolskoye,RU,59.7,30.79,69.01,77,75,11.18,07/16/20
Rio Grande,BR,-32.03,-52.1,35.01,98,0,6.93,07/16/20
Bathsheba,BB,13.22,-59.52,80.6,78,20,13.87,07/16/20
Ust-Nera,RU,64.57,143.2,64.8,47,78,7.65,07/16/20
São Gabriel da Cachoeira,BR,-0.13,-67.09,70.39,97,94,0.65,07/16/20
Atar,MR,20.52,-13.05,83.68,45,21,6.76,07/16/20
Araouane,ML,18.9,-3.53,89.24,44,100,10.33,07/16/20
Chishtian,PK,29.8,72.87,110.17,22,34,8.99,07/16/20
Gola Gokarannāth,IN,28.08,80.47,97.3,46,75,8.57,07/16/20
Faanui,PF,-16.48,-151.75,77.95,84,70,14.43,07/16/20
Aklavik,CA,68.22,-135.01,55.4,71,75,9.17,07/16/20
Ixtapa,MX,20.7,-105.2,78.48,82,100,1.88,07/16/20
Tomatlán,MX,19.93,-105.25,76.84,94,100,2.64,07/16/20
Sørland,NO,67.67,12.69,55.4,87,2,11.41,07/16/20
Edgewater,US,28.99,-80.9,75.2,94,40,2.59,07/16/20
Nara,JP,34.69,135.8,84.2,54,75,6.93,07/16/20
Orchard Homes,US,46.86,-114.05,59.0,62,1,4.7,07/16/20
Cocobeach,GA,1.0,9.58,75.2,83,75,9.17,07/16/20
Taitung City,TW,22.76,121.14,91.4,59,40,13.87,07/16/20
Nhulunbuy,AU,-12.23,136.77,80.6,57,25,13.87,07/16/20
Miraí,BR,-21.2,-42.61,61.9,84,99,3.94,07/16/20
Motygino,RU,58.18,94.76,67.46,50,100,10.07,07/16/20
Anadyr,RU,64.75,177.48,59.0,77,37,6.71,07/16/20
Tezu,IN,27.92,96.17,76.42,87,100,2.84,07/16/20
Macamic,CA,48.75,-79.0,64.4,100,90,6.93,07/16/20
Zonguldak,TR,41.25,31.83,73.4,69,75,1.12,07/16/20
Ternate,ID,0.8,127.4,82.72,73,74,1.9,07/16/20
Sitka,US,57.05,-135.33,55.4,93,90,0.89,07/16/20
Constitución,CL,-35.33,-72.42,53.24,87,97,12.24,07/16/20
Grindavik,IS,63.84,-22.43,50.0,100,75,6.93,07/16/20
Bismarck,US,46.81,-100.78,70.0,48,20,4.7,07/16/20
Yārāda,IN,17.65,83.27,86.0,74,75,11.41,07/16/20
Meulaboh,ID,4.14,96.13,85.05,72,60,4.65,07/16/20
Solikamsk,RU,59.62,56.77,88.75,50,48,7.23,07/16/20
Lüderitz,NA,-26.65,15.16,73.4,11,0,21.92,07/16/20
Puerto Rico,AR,-26.8,-55.02,57.81,97,93,2.24,07/16/20
Raudeberg,NO,61.99,5.14,59.0,82,75,10.29,07/16/20
Tefé,BR,-3.35,-64.71,70.75,88,30,0.87,07/16/20
Žagarė,LT,56.36,23.25,69.8,52,0,3.36,07/16/20
Pisco,PE,-13.7,-76.22,60.8,82,90,4.7,07/16/20
Tigil',RU,57.8,158.67,55.06,96,100,5.19,07/16/20
Torbay,CA,47.67,-52.73,50.0,100,90,19.46,07/16/20
Saint-Joseph,RE,-21.37,55.62,77.0,65,1,17.22,07/16/20
Narsaq,GL,60.92,-46.05,46.4,70,96,2.24,07/16/20
Yangi Marg`ilon,UZ,40.43,71.72,93.2,20,56,9.17,07/16/20
Ulverstone,AU,-41.15,146.17,48.47,72,2,2.37,07/16/20
Ayan,RU,56.45,138.17,55.54,93,100,11.18,07/16/20
Ovsyanka,RU,55.96,92.55,69.8,46,50,8.95,07/16/20
Téra,NE,14.01,0.75,82.49,65,50,11.74,07/16/20
Menongue,AO,-14.66,17.69,61.86,28,0,13.94,07/16/20
Setermoen,NO,68.86,18.35,59.0,72,75,14.99,07/16/20
Hong Kong,HK,22.29,114.16,91.99,78,96,4.0,07/16/20
Tairua,NZ,-37.02,175.85,54.0,87,100,15.01,07/16/20
Santa Cruz de la Sierra,BO,-17.8,-63.17,66.2,88,75,6.93,07/16/20
Mayo,US,38.89,-76.51,75.99,88,90,11.41,07/16/20
Petropavlovsk-Kamchatskiy,RU,53.05,158.65,57.2,100,20,8.95,07/16/20
Tual,ID,-5.67,132.75,78.91,86,42,18.68,07/16/20
Aykhal,RU,66.0,111.5,69.8,46,75,11.18,07/16/20
Sangar,RU,63.92,127.47,77.97,40,84,2.42,07/16/20
Black River,JM,18.03,-77.85,82.4,88,20,2.75,07/16/20
Barentu,ER,15.11,37.59,79.27,58,99,7.54,07/16/20
La Penne-sur-Huveaune,FR,43.28,5.52,75.99,42,0,11.23,07/16/20
Bacolod City,PH,10.67,122.95,85.89,72,100,3.42,07/16/20
Port Hedland,AU,-20.32,118.57,77.0,36,0,17.22,07/16/20
Hasaki,JP,35.73,140.83,72.0,78,75,6.93,07/16/20
Senanga,ZM,-16.12,23.27,63.52,43,3,13.85,07/16/20
Mananjary,MG,-21.22,48.33,68.7,83,99,16.67,07/16/20
Pueblo,US,38.25,-104.61,62.6,82,1,6.93,07/16/20
Shetpe,KZ,44.17,52.12,99.3,16,98,10.33,07/16/20
Itarema,BR,-2.92,-39.92,75.02,83,43,12.82,07/16/20
Hirara,JP,24.8,125.28,87.8,74,75,18.34,07/16/20
Lahad Datu,MY,5.03,118.33,78.37,90,100,14.43,07/16/20
Guarapari,BR,-20.67,-40.5,69.01,88,90,12.75,07/16/20
Tabou,CI,4.42,-7.35,74.64,74,100,4.09,07/16/20
Bima,ID,-8.47,118.72,85.57,55,0,3.91,07/16/20
Takoradze,GH,4.88,-1.76,75.81,80,94,8.16,07/16/20
Chui,UY,-33.7,-53.46,39.78,77,0,4.05,07/16/20
Kalmunai,LK,7.42,81.82,90.82,52,100,6.02,07/16/20
Sistranda,NO,63.73,8.83,57.0,93,90,5.82,07/16/20
Teknāf,BD,20.86,92.31,86.56,71,86,10.02,07/16/20
Illapel,CL,-31.63,-71.17,52.99,56,30,1.7,07/16/20
Nelson Bay,AU,-32.72,152.15,57.99,82,90,10.29,07/16/20
Soluno-Dmitriyevskoye,RU,44.4,42.73,82.4,28,0,13.42,07/16/20
Port Elizabeth,ZA,-33.92,25.57,50.0,66,0,5.82,07/16/20
Sosnogorsk,RU,63.6,53.88,55.35,62,100,7.99,07/16/20
Maragogi,BR,-9.01,-35.22,73.81,86,15,9.86,07/16/20
Srednekolymsk,RU,67.45,153.68,52.72,45,76,4.68,07/16/20
Portsmouth,GB,50.8,-1.09,64.0,80,62,1.01,07/16/20
Tura,IN,25.52,90.22,83.26,85,58,5.39,07/16/20
Tautira,PF,-17.73,-149.15,77.0,83,75,3.36,07/16/20
Ambilobe,MG,-13.2,49.05,91.45,32,0,1.63,07/16/20
Cherskiy,RU,68.75,161.3,50.38,59,0,5.55,07/16/20
Ol'ga,RU,43.74,135.29,71.38,68,25,9.95,07/16/20
Zomba,MW,-15.39,35.32,63.0,54,60,9.19,07/16/20
Jalu,LY,29.03,21.55,85.59,33,0,6.24,07/16/20
Ponta do Sol,PT,32.67,-17.1,68.0,68,20,14.99,07/16/20
Nizwá,OM,22.93,57.53,104.88,19,24,3.78,07/16/20
Talcahuano,CL,-36.72,-73.12,55.4,82,68,10.29,07/16/20
Curup,ID,-3.47,102.53,84.0,59,13,2.44,07/16/20
Leningradskiy,RU,69.38,178.42,42.35,88,100,12.64,07/16/20
Galesong,ID,-5.32,119.37,84.13,71,79,13.71,07/16/20
Bubaque,GW,11.28,-15.83,79.92,83,98,20.51,07/16/20
Faya,SA,18.39,42.45,84.2,17,40,8.05,07/16/20
Clyde River,CA,70.47,-68.59,57.2,62,1,11.41,07/16/20
Buala,SB,-8.14,159.59,79.56,71,100,4.97,07/16/20
Beringovskiy,RU,63.05,179.32,54.45,80,9,2.46,07/16/20
Prado,BR,-17.34,-39.22,70.39,88,51,13.18,07/16/20
El Escorial,ES,40.59,-4.15,75.2,33,0,3.42,07/16/20
Sazonovo,RU,59.09,35.23,55.31,97,100,8.01,07/16/20
Blagoyevo,RU,63.37,47.92,57.22,73,100,10.85,07/16/20
Ushibukamachi,JP,32.19,130.02,71.06,87,100,4.43,07/16/20
Cabinda,AO,-5.55,12.2,73.4,88,40,6.93,07/16/20
Cockburn Town,TC,21.46,-71.14,81.05,79,32,16.71,07/16/20
Medzilaborce,SK,49.27,21.9,64.99,62,55,1.99,07/16/20
Banikoara,BJ,11.3,2.44,75.65,85,80,7.25,07/16/20
Soyo,AO,-6.13,12.37,73.4,88,40,6.93,07/16/20
Mehamn,NO,71.04,27.85,55.4,76,54,6.93,07/16/20
Chapais,CA,49.78,-74.85,66.2,59,90,10.29,07/16/20
Eenhana,NA,-17.47,16.33,57.2,22,0,11.41,07/16/20
Provideniya,RU,64.38,-173.3,51.04,82,42,4.54,07/16/20
Dunedin,NZ,-45.87,170.5,45.0,67,67,20.0,07/16/20
Cuamba,MZ,-14.8,36.54,65.55,57,72,14.12,07/16/20
Boralday,KZ,43.36,76.86,93.92,16,98,5.19,07/16/20
Boca do Acre,BR,-8.75,-67.4,71.11,89,0,1.79,07/16/20
Pingdingshan,CN,33.74,113.3,84.92,58,51,9.91,07/16/20
Eureka,US,40.8,-124.16,55.99,100,0,0.51,07/16/20
Tupiza,BO,-21.45,-65.72,39.87,54,0,4.79,07/16/20
Urbano Santos,BR,-3.21,-43.4,71.8,97,40,2.98,07/16/20
Avesta,SE,60.15,16.17,66.0,82,40,2.24,07/16/20
Shahr-e Bābak,IR,30.12,55.12,90.25,17,22,5.35,07/16/20
Cabo San Lucas,MX,22.89,-109.91,82.99,54,0,10.04,07/16/20
Diffa,NE,13.32,12.61,88.36,48,0,11.59,07/16/20
Asadābād,IR,34.78,48.12,78.8,34,0,11.41,07/16/20
Tari,NG,12.41,4.49,78.17,79,91,10.22,07/16/20
Beloha,MG,-25.17,45.05,70.52,49,0,13.2,07/16/20
Matara,LK,5.95,80.54,82.2,79,100,11.86,07/16/20
Mahanje,TZ,-9.93,35.33,66.07,47,0,10.0,07/16/20
Gijang,KR,35.24,129.21,78.8,61,40,11.41,07/16/20
Tianpeng,CN,30.99,103.94,89.01,1,100,0.04,07/16/20
Kirillov,RU,59.86,38.38,60.8,100,90,6.71,07/16/20
Ploemeur,FR,47.73,-3.43,64.4,82,20,4.7,07/16/20
Dunn,US,44.95,-91.88,57.0,100,1,3.78,07/16/20
Røros,NO,62.57,11.38,55.4,87,75,1.12,07/16/20
Vila Velha,BR,-20.33,-40.29,69.01,88,90,12.75,07/16/20
Zhigansk,RU,66.77,123.37,74.44,47,100,4.05,07/16/20
Elizabeth City,US,36.29,-76.25,75.2,88,1,4.7,07/16/20
Bāndarban,BD,22.2,92.23,89.6,70,75,16.11,07/16/20
Livny,RU,52.43,37.61,53.6,88,100,13.0,07/16/20
Maputo,MZ,-25.97,32.59,60.8,55,20,12.75,07/16/20
Mount Isa,AU,-20.73,139.5,75.2,16,0,9.17,07/16/20
Adrar,MR,20.5,-10.07,89.78,21,6,14.12,07/16/20
Zarya,RU,55.76,38.1,62.01,87,75,11.18,07/16/20
Masvingo,ZW,-20.06,30.83,48.27,71,100,14.03,07/16/20
Kaitangata,NZ,-46.28,169.85,44.01,70,49,1.01,07/16/20
Roald,NO,62.58,6.13,61.0,77,23,3.36,07/16/20
Assiniboia,CA,49.63,-105.98,56.89,74,48,8.66,07/16/20
Bourail,NC,-21.57,165.48,65.35,67,16,4.81,07/16/20
Henties Bay,NA,-22.12,14.28,64.99,28,0,26.13,07/16/20
Khanbari,NP,27.37,87.2,86.86,58,95,5.26,07/16/20
Vyshkov,RU,52.48,31.69,69.8,52,75,15.66,07/16/20
Manokwari,ID,-0.87,134.08,83.46,69,1,5.5,07/16/20
Klaksvík,FO,62.23,-6.59,51.8,100,90,6.93,07/16/20
Russell,US,32.35,-85.2,73.4,100,90,1.7,07/16/20
Erenhot,CN,43.65,111.98,93.58,19,99,17.0,07/16/20
Craig,US,40.52,-107.55,59.0,58,1,2.93,07/16/20
Omsukchan,RU,62.53,155.8,58.33,52,91,1.92,07/16/20
Bignona,SN,12.81,-16.23,78.8,94,40,2.24,07/16/20
Tyul'gan,RU,52.34,56.17,92.55,29,17,10.58,07/16/20
Boa Vista,BR,2.82,-60.67,77.0,88,99,1.12,07/16/20
Biak,ID,-0.91,122.88,78.21,83,90,6.06,07/16/20
Bousso,TD,10.48,16.71,81.68,72,97,4.29,07/16/20
Itoman,JP,26.12,127.67,77.0,94,75,9.17,07/16/20
Pailón,BO,-17.65,-62.75,66.2,88,75,6.93,07/16/20
Valparaíso,CL,-33.04,-71.63,50.0,87,90,4.7,07/16/20
Anchorage,US,61.22,-149.9,63.0,63,1,2.57,07/16/20
Poplar Bluff,US,36.76,-90.39,79.0,83,20,3.36,07/16/20
Suntar,RU,62.14,117.63,77.7,54,19,7.14,07/16/20
Dudinka,RU,69.41,86.18,53.6,71,75,15.66,07/16/20
Muğla Province,TR,37.23,28.36,82.4,45,0,6.93,07/16/20
Siilinjärvi,FI,63.08,27.67,64.4,55,33,6.93,07/16/20
Buraidah,SA,26.33,43.98,102.2,20,0,9.17,07/16/20
Warragul,AU,-38.17,145.93,51.01,79,55,1.99,07/16/20
Dongsheng,CN,39.82,109.98,78.55,45,97,10.0,07/16/20
Celina,US,40.55,-84.57,75.2,69,75,4.7,07/16/20
Cap Malheureux,MU,-19.98,57.61,75.2,64,40,11.41,07/16/20
Port Moresby,PG,-9.44,147.18,80.6,83,75,17.22,07/16/20
Huarmey,PE,-10.07,-78.15,60.84,84,87,6.85,07/16/20
Olinda,BR,-8.01,-34.86,75.2,88,75,6.93,07/16/20
Moguer,ES,37.28,-6.84,79.0,47,82,8.01,07/16/20
Ormara,PK,25.21,64.64,85.59,77,99,12.24,07/16/20
Kruisfontein,ZA,-34.0,24.73,56.68,35,0,3.91,07/16/20
Egvekinot,RU,66.32,-179.17,51.4,83,96,3.33,07/16/20
Koubia,GN,11.58,-11.9,69.22,94,90,4.7,07/16/20
Semikarakorsk,RU,47.52,40.81,78.8,31,0,4.47,07/16/20
Khovd,MN,48.01,91.64,72.05,37,1,10.22,07/16/20
Hamilton,US,39.18,-84.53,80.6,57,90,12.75,07/16/20
Shihezi,CN,44.3,86.03,94.32,16,35,10.56,07/16/20
Bowen,AU,-20.02,148.23,63.0,59,0,8.21,07/16/20
Ransang,PH,8.96,117.58,85.23,65,98,1.54,07/16/20
Salamiyah,SY,35.01,37.05,94.42,22,0,8.88,07/16/20
Jieshi,CN,22.81,115.83,86.5,75,74,17.25,07/16/20
Bairiki Village,KI,1.33,172.98,82.4,74,40,4.7,07/16/20
São Desidério,BR,-12.36,-44.97,62.91,72,0,4.81,07/16/20
Cap-aux-Meules,CA,47.38,-61.86,58.48,75,0,14.79,07/16/20
Sambek,RU,47.74,39.83,78.8,31,0,4.47,07/16/20
Nanning,CN,22.82,108.32,95.0,53,20,13.42,07/16/20
Ligayan,PH,4.65,119.47,76.59,90,100,15.52,07/16/20
Ilulissat,GL,69.22,-51.1,44.6,75,7,3.36,07/16/20
Highland,US,34.13,-117.21,68.0,64,1,4.7,07/16/20
Ambulu,ID,-8.35,113.61,82.51,70,67,9.51,07/16/20
Pangai,TO,-19.8,-174.35,76.64,77,100,20.36,07/16/20
Bambanglipuro,ID,-7.95,110.28,83.53,69,5,15.86,07/16/20
‘Āhuimanu,US,21.44,-157.84,78.8,69,90,10.29,07/16/20
Baculin,PH,7.45,126.58,83.03,73,38,5.37,07/16/20
Lexington,US,37.99,-84.48,78.01,69,1,9.17,07/16/20
Coquimbo,CL,-29.95,-71.34,48.2,87,93,3.36,07/16/20
Yangliuqing,CN,39.14,117.0,93.2,38,40,8.95,07/16/20
Kavaratti,IN,10.57,72.64,82.4,83,90,9.17,07/16/20
São Miguel do Araguaia,BR,-13.28,-50.16,66.67,40,0,6.67,07/16/20
Vardø,NO,70.37,31.11,62.6,67,0,24.16,07/16/20
Wairoa,NZ,-39.03,177.37,48.69,89,100,7.16,07/16/20
Baykit,RU,61.67,96.37,64.71,47,100,11.77,07/16/20
Paamiut,GL,61.99,-49.67,44.24,74,100,16.33,07/16/20
Dawei,MM,14.08,98.2,82.49,80,98,7.16,07/16/20
Plaster Rock,CA,46.91,-67.39,50.0,76,1,2.53,07/16/20
Lagoa,PT,39.05,-27.98,67.17,76,100,12.17,07/16/20
Tuatapere,NZ,-46.13,167.68,39.31,85,86,3.15,07/16/20
Gull Lake,CA,50.1,-108.48,51.8,93,1,8.05,07/16/20
Cam Ranh,VN,11.92,109.16,95.0,56,20,17.22,07/16/20
Coromandel,BR,-18.47,-47.2,61.72,62,23,7.27,07/16/20
Ürümqi,CN,43.8,87.6,87.8,25,20,8.95,07/16/20
Krasnyy Profintern,RU,57.74,40.44,59.0,93,90,6.71,07/16/20
Maple Creek,CA,49.92,-109.48,56.5,75,39,2.82,07/16/20
Ahipara,NZ,-35.17,173.17,58.86,91,100,6.64,07/16/20
Forsytheganj,BY,52.63,29.73,67.51,57,92,6.17,07/16/20
Fosforitnyy,RU,55.33,38.9,60.8,87,75,11.18,07/16/20
San Angelo,US,31.46,-100.44,84.2,39,1,9.17,07/16/20
Jumla,NP,29.27,82.18,73.0,93,95,4.92,07/16/20
Mankono,CI,8.06,-6.19,70.75,85,66,7.09,07/16/20
Polunochnoye,RU,60.87,60.42,90.64,43,0,5.7,07/16/20
Copiapó,CL,-27.37,-70.33,48.2,93,0,3.36,07/16/20
Agüimes,ES,27.91,-15.45,71.6,78,20,21.92,07/16/20
Quatre Cocos,MU,-20.21,57.76,75.2,64,40,11.41,07/16/20
Havre-St-Pierre,CA,50.23,-63.6,46.4,93,1,3.36,07/16/20
Hervey Bay,AU,-25.3,152.85,66.0,35,0,5.01,07/16/20
Makakilo City,US,21.35,-158.09,78.8,69,32,3.36,07/16/20
Port Macquarie,AU,-31.43,152.92,59.0,67,89,1.01,07/16/20
Mersing,MY,2.43,103.84,89.6,75,20,8.05,07/16/20
Kirkuk,IQ,35.47,44.39,107.78,11,0,14.03,07/16/20
Mandera,KE,3.94,41.87,84.24,46,100,19.06,07/16/20
Snåase,NO,64.25,12.38,66.2,72,0,9.17,07/16/20
Kamra,PK,33.75,73.51,104.0,28,13,4.0,07/16/20
Teguise,ES,29.06,-13.56,69.8,83,20,18.34,07/16/20
Kaeo,NZ,-35.1,173.78,57.99,3,100,3.11,07/16/20
Babu,CN,24.42,111.52,92.73,54,91,4.41,07/16/20
Oliveira dos Brejinhos,BR,-12.32,-42.9,63.39,79,0,4.97,07/16/20
Ozinki,RU,51.18,49.68,72.61,59,100,10.0,07/16/20
Kholm-Zhirkovskiy,RU,55.52,33.47,54.43,94,100,11.32,07/16/20
Erzin,TR,36.96,36.2,89.6,66,43,14.99,07/16/20
Fremont,US,37.55,-121.99,60.8,82,40,1.83,07/16/20
Quelimane,MZ,-17.88,36.89,71.28,57,74,12.84,07/16/20
San Jerónimo,PE,-11.95,-75.28,45.46,73,51,0.36,07/16/20
Sampit,ID,-2.53,112.95,82.42,83,55,5.39,07/16/20
Dingle,PH,11.0,122.67,85.39,74,100,9.24,07/16/20
Nishihara,JP,26.18,127.76,77.0,94,75,9.17,07/16/20
Birao,CF,10.28,22.79,73.42,90,100,4.27,07/16/20
Goundam,ML,16.41,-3.67,81.72,62,79,5.7,07/16/20
Sambrial,PK,32.47,74.35,89.6,55,40,6.93,07/16/20
Kayerkan,RU,69.35,87.76,53.6,71,75,15.66,07/16/20
Chikwawa,MW,-16.03,34.8,70.02,49,33,13.29,07/16/20
Usogorsk,RU,63.41,48.69,58.35,68,98,11.45,07/16/20
Zhezkazgan,KZ,47.8,67.71,91.4,21,0,20.13,07/16/20
Guánica,PR,17.97,-66.91,77.0,93,3,5.84,07/16/20
Aquidauana,BR,-20.47,-55.79,75.4,52,85,5.41,07/16/20
Asahi,JP,35.72,140.65,72.0,78,75,6.93,07/16/20
Ostrovnoy,RU,68.05,39.51,63.1,52,72,2.51,07/16/20
Kinablangan,PH,7.69,126.55,83.73,71,35,5.35,07/16/20
Hatillo,PR,18.49,-66.83,77.0,93,0,1.99,07/16/20
Laguna de Perlas,NI,12.34,-83.67,79.05,86,100,12.37,07/16/20
Chunhuhub,MX,19.55,-88.68,74.17,99,25,2.04,07/16/20
Toppenish,US,46.38,-120.31,79.0,60,1,3.36,07/16/20
Novo Aripuanã,BR,-5.12,-60.38,70.88,74,0,0.25,07/16/20
Ilhéus,BR,-14.79,-39.05,67.35,89,52,5.55,07/16/20
Aksarayskiy,RU,46.79,48.01,87.8,25,100,15.66,07/16/20
Jinchang,CN,38.5,102.17,71.98,44,100,10.09,07/16/20
Muravlenko,RU,63.79,74.52,64.33,52,0,16.87,07/16/20
Kaohsiung City,TW,22.62,120.31,84.2,89,75,10.29,07/16/20
Lorengau,PG,-2.02,147.27,83.59,69,37,6.91,07/16/20
Ketchikan,US,55.34,-131.65,55.4,100,90,6.93,07/16/20
Los Llanos de Aridane,ES,28.66,-17.92,69.8,73,75,10.29,07/16/20
Mogadishu,SO,2.04,45.34,82.4,65,40,13.87,07/16/20
Mayumba,GA,-3.43,10.66,74.62,76,34,2.04,07/16/20
Kiryat Gat,IL,31.61,34.76,84.0,60,0,1.99,07/16/20
Finschhafen,PG,-6.6,147.87,80.11,80,11,6.89,07/16/20
Leshukonskoye,RU,64.9,45.76,56.88,58,99,9.01,07/16/20
Pathein,MM,16.78,94.73,86.29,73,99,12.82,07/16/20
San Patricio,MX,19.22,-104.7,78.3,82,99,2.77,07/16/20
Pahrump,US,36.21,-115.98,78.01,16,0,3.0,07/16/20
Misawa,JP,40.68,141.36,64.4,77,75,12.75,07/16/20
Te Anau,NZ,-45.42,167.72,31.5,96,50,1.57,07/16/20
Kholm,RU,59.27,32.85,56.35,87,100,9.71,07/16/20
Ishigaki,JP,24.34,124.16,89.6,75,75,20.8,07/16/20
Pimentel,PE,-6.84,-79.93,60.82,92,37,10.78,07/16/20
Vestmannaeyjar,IS,63.44,-20.27,50.0,93,90,18.34,07/16/20
Kawardha,IN,22.02,81.25,92.41,47,61,6.24,07/16/20
Shimoda,JP,34.67,138.95,75.2,78,75,3.36,07/16/20
Port-Cartier,CA,50.03,-66.87,53.01,76,20,5.82,07/16/20
Dawson,US,31.77,-84.45,75.2,100,1,3.36,07/16/20
Chipinge,ZW,-20.19,32.62,52.59,65,90,9.6,07/16/20
Oudtshoorn,ZA,-33.59,22.2,51.8,57,0,1.12,07/16/20
Sablé-sur-Sarthe,FR,47.84,-0.33,62.6,72,90,4.7,07/16/20
Stornoway,GB,58.21,-6.39,59.0,93,75,11.41,07/16/20
Gambēla,ET,8.25,34.58,77.61,86,99,1.61,07/16/20
Wadi Maliz,TN,36.47,8.55,77.0,57,40,2.24,07/16/20
Ichinohe,JP,40.21,141.3,64.4,77,75,12.75,07/16/20
Carthage,TN,36.86,10.33,78.8,54,0,6.93,07/16/20
Abhā,SA,18.22,42.51,84.2,17,40,8.05,07/16/20
Morant Bay,JM,17.88,-76.41,82.4,83,20,4.7,07/16/20
Bogandé,BF,12.97,-0.14,78.4,72,100,11.81,07/16/20
Seoul,KR,37.57,126.98,86.0,54,75,4.7,07/16/20
Cayhagan,PH,9.67,122.43,84.18,72,95,1.99,07/16/20
Karratha,AU,-20.74,116.85,76.86,29,0,14.74,07/16/20
Yar-Sale,RU,66.83,70.83,58.69,50,61,13.82,07/16/20
Ugoofaaru,MV,5.67,73.0,84.02,76,100,13.42,07/16/20
San Miguel de Cozumel,MX,20.51,-86.95,82.4,88,20,5.82,07/16/20
Pringsewu,ID,-5.36,104.97,85.15,72,23,7.34,07/16/20
San Miguel de Tucumán,AR,-26.82,-65.22,50.0,76,0,1.88,07/16/20
Kharod,IN,21.75,82.57,94.57,46,47,3.51,07/16/20
Isangel,VU,-19.55,169.27,72.73,76,7,2.28,07/16/20
Wanning,CN,18.8,110.4,88.7,69,81,15.05,07/16/20
Nouakchott,MR,18.09,-15.98,73.4,83,40,4.7,07/16/20
Nicoya,CR,10.15,-85.45,72.32,93,56,1.48,07/16/20
Biltine,TD,14.53,20.92,82.17,56,100,11.05,07/16/20
Peniche,PT,39.36,-9.38,69.01,78,0,5.14,07/16/20
Mareeba,AU,-17.0,145.43,71.6,46,0,12.75,07/16/20
Dryden,CA,49.78,-92.75,62.6,72,1,9.17,07/16/20
Mossamedes,AO,-15.2,12.15,79.38,17,0,16.6,07/16/20
Sindor,RU,62.86,51.89,55.18,82,99,9.73,07/16/20
Sakakah,SA,29.97,40.21,102.2,8,0,4.7,07/16/20
Acajutla,SV,13.59,-89.83,79.68,67,82,4.65,07/16/20
Haileybury,CA,47.45,-79.64,62.6,100,90,6.93,07/16/20
Necochea,AR,-38.55,-58.74,39.99,83,96,8.99,07/16/20
Yulara,AU,-25.24,130.99,68.0,19,0,9.17,07/16/20
Barrhead,GB,55.8,-4.39,57.99,93,90,9.17,07/16/20
Hobyo,SO,5.35,48.53,85.84,56,100,26.22,07/16/20
Hāflong,IN,25.18,93.03,88.39,62,13,5.32,07/16/20
Isla Mujeres,MX,21.23,-86.73,84.0,88,20,5.82,07/16/20
Molochnoye,RU,59.29,39.68,58.91,88,85,11.32,07/16/20
Ejido,VE,8.55,-71.24,63.75,61,100,6.42,07/16/20
Shaunavon,CA,49.65,-108.42,57.79,65,96,8.12,07/16/20
Santa Marinella,IT,42.03,11.85,72.0,66,0,5.35,07/16/20
Pontianak,ID,-0.03,109.33,85.59,69,35,6.06,07/16/20
Port Augusta,AU,-32.5,137.77,59.0,58,0,5.82,07/16/20
Ode,NG,7.79,5.71,68.11,96,99,6.51,07/16/20
Mogocha,RU,53.73,119.77,78.91,54,99,1.45,07/16/20
Pangkalanbuun,ID,-2.68,111.62,86.04,67,61,4.59,07/16/20
Mezen',RU,65.85,44.24,61.61,49,85,9.66,07/16/20
Cabedelo,BR,-6.98,-34.83,75.36,84,76,11.83,07/16/20
Batagay-Alyta,RU,67.8,130.41,55.72,47,83,2.84,07/16/20
Ha Tinh,VN,18.33,105.9,94.6,49,100,11.05,07/16/20
Yur’yevets,RU,57.32,43.1,60.46,80,97,17.0,07/16/20
Mabaruma,GY,8.2,-59.78,72.5,99,7,1.45,07/16/20
Esperance,AU,-33.87,121.9,69.26,60,16,13.62,07/16/20
Praia da Vitória,PT,38.73,-27.07,68.0,88,75,10.04,07/16/20
Orgtrud,RU,56.18,40.61,59.83,90,100,12.41,07/16/20
Chany,RU,55.31,76.76,78.91,55,1,4.54,07/16/20
Boyolangu,ID,-8.12,111.89,80.11,76,56,8.63,07/16/20
Mirny,RU,62.54,113.96,64.4,63,75,8.95,07/16/20
Søvik,NO,65.93,12.47,64.4,82,18,3.36,07/16/20
Birin,NP,26.89,88.07,72.1,96,87,3.42,07/16/20
Grand Gaube,MU,-20.01,57.66,75.2,64,40,11.41,07/16/20
Macapá,BR,0.04,-51.07,78.8,100,40,11.41,07/16/20
Selenduma,RU,50.91,106.24,61.81,60,100,6.93,07/16/20
Koslan,RU,63.46,48.9,58.68,66,95,11.43,07/16/20
